[
  {
    "id": "27b539a2-281d-4839-9faa-664a17a64c4f",
    "data": [
      {
        "text": "Are you there?",
        "userDefined": false
      }
    ],
    "isTemplate": false,
    "count": 0,
    "lang": "en",
    "updated": 0
  },
  {
    "id": "ee8e5a2b-0e85-4911-919f-09e3203df52c",
    "data": [
      {
        "text": "Can you assist me?",
        "userDefined": false
      }
    ],
    "isTemplate": false,
    "count": 0,
    "lang": "en",
    "updated": 0
  },
  {
    "id": "d990608d-c249-4e05-9e09-9c48138070a8",
    "data": [
      {
        "text": "I have a question",
        "userDefined": false
      }
    ],
    "isTemplate": false,
    "count": 0,
    "lang": "en",
    "updated": 0
  },
  {
    "id": "38f7ae01-118a-4236-9e10-8bb55068568b",
    "data": [
      {
        "text": "I need help",
        "userDefined": false
      }
    ],
    "isTemplate": false,
    "count": 0,
    "lang": "en",
    "updated": 0
  },
  {
    "id": "0937e9db-1b1d-4b7d-a8b7-a675d187cbfa",
    "data": [
      {
        "text": "I need assistance",
        "userDefined": false
      }
    ],
    "isTemplate": false,
    "count": 0,
    "lang": "en",
    "updated": 0
  },
  {
    "id": "16219fd5-8e9f-46bf-8dc4-368e9a798dfe",
    "data": [
      {
        "text": "Begin",
        "userDefined": false
      }
    ],
    "isTemplate": false,
    "count": 0,
    "lang": "en",
    "updated": 0
  },
  {
    "id": "b6b14b78-056b-4727-9c92-ee662266c47e",
    "data": [
      {
        "text": "Start",
        "userDefined": false
      }
    ],
    "isTemplate": false,
    "count": 0,
    "lang": "en",
    "updated": 0
  },
  {
    "id": "eb7941d3-0776-41c5-a020-fdfa2000171e",
    "data": [
      {
        "text": "Help",
        "userDefined": false
      }
    ],
    "isTemplate": false,
    "count": 0,
    "lang": "en",
    "updated": 0
  },
  {
    "id": "4642b96a-e83d-4877-a8d9-8e24881bc367",
    "data": [
      {
        "text": "Can you help me?",
        "userDefined": false
      }
    ],
    "isTemplate": false,
    "count": 0,
    "lang": "en",
    "updated": 0
  },
  {
    "id": "d4f6c721-df03-44f0-ae14-b74c6068adc4",
    "data": [
      {
        "text": "Is anyone there?",
        "userDefined": false
      }
    ],
    "isTemplate": false,
    "count": 0,
    "lang": "en",
    "updated": 0
  },
  {
    "id": "a3689e0e-ceb1-44b8-b4e8-685d596e8037",
    "data": [
      {
        "text": "Yo",
        "userDefined": false
      }
    ],
    "isTemplate": false,
    "count": 0,
    "lang": "en",
    "updated": 0
  },
  {
    "id": "cf461831-d624-4495-b715-5dc4d17ffb61",
    "data": [
      {
        "text": "Howdy",
        "userDefined": false
      }
    ],
    "isTemplate": false,
    "count": 0,
    "lang": "en",
    "updated": 0
  },
  {
    "id": "963ffd44-6fca-451d-b25e-ab11bf4c80a2",
    "data": [
      {
        "text": "What\u0027s up?",
        "userDefined": false
      }
    ],
    "isTemplate": false,
    "count": 0,
    "lang": "en",
    "updated": 0
  },
  {
    "id": "16b913fc-c812-46ec-b6c1-1a66d1142eeb",
    "data": [
      {
        "text": "Good ",
        "userDefined": false
      },
      {
        "text": "evening",
        "meta": "@sys.date",
        "alias": "date",
        "userDefined": false
      }
    ],
    "isTemplate": false,
    "count": 0,
    "lang": "en",
    "updated": 0
  },
  {
    "id": "d0bf6838-006b-457b-81de-83a7b116bde8",
    "data": [
      {
        "text": "Good ",
        "userDefined": false
      },
      {
        "text": "afternoon",
        "meta": "@sys.date",
        "alias": "date",
        "userDefined": false
      }
    ],
    "isTemplate": false,
    "count": 0,
    "lang": "en",
    "updated": 0
  },
  {
    "id": "c87487c6-30ed-4a91-af66-1af997a1144e",
    "data": [
      {
        "text": "Good ",
        "userDefined": false
      },
      {
        "text": "morning",
        "meta": "@sys.date",
        "alias": "date",
        "userDefined": false
      }
    ],
    "isTemplate": false,
    "count": 0,
    "lang": "en",
    "updated": 0
  },
  {
    "id": "559c98a0-3288-4d22-b029-96a7772f4d0a",
    "data": [
      {
        "text": "Greetings",
        "userDefined": false
      }
    ],
    "isTemplate": false,
    "count": 0,
    "lang": "en",
    "updated": 0
  },
  {
    "id": "e6eb6d47-bbf8-4d66-a9e4-bdc6da240c58",
    "data": [
      {
        "text": "Hi there",
        "userDefined": false
      }
    ],
    "isTemplate": false,
    "count": 0,
    "lang": "en",
    "updated": 0
  },
  {
    "id": "6970e7c0-dd9d-4275-bedc-6adc8ec38c00",
    "data": [
      {
        "text": "Hey",
        "userDefined": false
      }
    ],
    "isTemplate": false,
    "count": 0,
    "lang": "en",
    "updated": 0
  },
  {
    "id": "a006d89a-6da3-4449-9193-0e9e95126846",
    "data": [
      {
        "text": "hello",
        "userDefined": false
      }
    ],
    "isTemplate": false,
    "count": 0,
    "lang": "en",
    "updated": 0
  },
  {
    "id": "b26c891b-56f9-452b-bffc-e6359802acb3",
    "data": [
      {
        "text": "hi",
        "userDefined": false
      }
    ],
    "isTemplate": false,
    "count": 0,
    "lang": "en",
    "updated": 0
  }
]