[
  {
    "id": "8a5dc098-28d3-4794-8107-3c960987b74e",
    "data": [
      {
        "text": "Erase my reminder for the ",
        "userDefined": false
      },
      {
        "text": "exam",
        "meta": "@sys.any",
        "alias": "name",
        "userDefined": true
      },
      {
        "text": " on ",
        "userDefined": false
      },
      {
        "text": "November 14th",
        "meta": "@sys.date",
        "alias": "date",
        "userDefined": false
      },
      {
        "text": " at ",
        "userDefined": false
      },
      {
        "text": "9:00 AM",
        "meta": "@sys.time",
        "alias": "time",
        "userDefined": false
      },
      {
        "text": ".",
        "userDefined": false
      }
    ],
    "isTemplate": false,
    "count": 0,
    "lang": "en",
    "updated": 0
  },
  {
    "id": "15d82e3b-747f-4d00-a04d-e35d15725d3c",
    "data": [
      {
        "text": "Please cancel the ",
        "userDefined": false
      },
      {
        "text": "flight booking",
        "meta": "@sys.any",
        "alias": "name",
        "userDefined": true
      },
      {
        "text": " reminder for ",
        "userDefined": false
      },
      {
        "text": "October 10th.",
        "meta": "@sys.date",
        "alias": "date",
        "userDefined": false
      }
    ],
    "isTemplate": false,
    "count": 0,
    "lang": "en",
    "updated": 0
  },
  {
    "id": "0904a49f-df3e-455c-b68f-46d90a2733d2",
    "data": [
      {
        "text": "Remove the ",
        "userDefined": false
      },
      {
        "text": "project review meeting",
        "meta": "@sys.any",
        "alias": "name",
        "userDefined": true
      },
      {
        "text": " reminder on ",
        "userDefined": false
      },
      {
        "text": "September 29th.",
        "meta": "@sys.date",
        "alias": "date",
        "userDefined": false
      }
    ],
    "isTemplate": false,
    "count": 0,
    "lang": "en",
    "updated": 0
  },
  {
    "id": "0ae21fc2-100f-43ba-9ae7-8ad8a9fb57b7",
    "data": [
      {
        "text": "Delete the reminder for the ",
        "userDefined": false
      },
      {
        "text": "family dinner",
        "meta": "@sys.any",
        "alias": "name",
        "userDefined": true
      },
      {
        "text": " on ",
        "userDefined": false
      },
      {
        "text": "August 25th.",
        "meta": "@sys.date",
        "alias": "date",
        "userDefined": false
      }
    ],
    "isTemplate": false,
    "count": 0,
    "lang": "en",
    "updated": 0
  },
  {
    "id": "70ed1120-3cfe-4d9a-9a7d-3dacf21d64ef",
    "data": [
      {
        "text": "I\u0027d like to cancel the ",
        "userDefined": false
      },
      {
        "text": "business trip",
        "meta": "@sys.any",
        "alias": "name",
        "userDefined": true
      },
      {
        "text": " reminder on ",
        "userDefined": false
      },
      {
        "text": "July 21st.",
        "meta": "@sys.date",
        "alias": "date",
        "userDefined": false
      }
    ],
    "isTemplate": false,
    "count": 0,
    "lang": "en",
    "updated": 0
  },
  {
    "id": "2803540f-8d5d-4e68-a0e8-0cc1e01c4700",
    "data": [
      {
        "text": "Remove the reminder for ",
        "userDefined": false
      },
      {
        "text": "swimming class",
        "meta": "@sys.any",
        "alias": "name",
        "userDefined": true
      },
      {
        "text": " on ",
        "userDefined": false
      },
      {
        "text": "June 17th.",
        "meta": "@sys.date",
        "alias": "date",
        "userDefined": false
      }
    ],
    "isTemplate": false,
    "count": 0,
    "lang": "en",
    "updated": 0
  },
  {
    "id": "4f5793d2-de98-43a2-b2ad-7c3bb6661c8b",
    "data": [
      {
        "text": "Erase the ",
        "userDefined": false
      },
      {
        "text": "meeting with the client",
        "meta": "@sys.any",
        "alias": "name",
        "userDefined": true
      },
      {
        "text": " reminder for ",
        "userDefined": false
      },
      {
        "text": "May 13th.",
        "meta": "@sys.date",
        "alias": "date",
        "userDefined": false
      }
    ],
    "isTemplate": false,
    "count": 0,
    "lang": "en",
    "updated": 0
  },
  {
    "id": "e8d32897-7023-4be5-b788-a1312a235eea",
    "data": [
      {
        "text": "Delete my ",
        "userDefined": false
      },
      {
        "text": "piano lesson",
        "meta": "@sys.any",
        "alias": "name",
        "userDefined": true
      },
      {
        "text": " reminder on ",
        "userDefined": false
      },
      {
        "text": "April 10th.",
        "meta": "@sys.date",
        "alias": "date",
        "userDefined": false
      }
    ],
    "isTemplate": false,
    "count": 0,
    "lang": "en",
    "updated": 0
  },
  {
    "id": "0ce26d95-4b28-4d97-a68e-7fca95d19c09",
    "data": [
      {
        "text": "Remove the ",
        "userDefined": false
      },
      {
        "text": "gym session",
        "meta": "@sys.any",
        "alias": "name",
        "userDefined": true
      },
      {
        "text": " reminder for ",
        "userDefined": false
      },
      {
        "text": "March 25th.",
        "meta": "@sys.date",
        "alias": "date",
        "userDefined": false
      }
    ],
    "isTemplate": false,
    "count": 0,
    "lang": "en",
    "updated": 0
  },
  {
    "id": "3e7b48d9-dc69-4fef-80e7-31536f90bfcc",
    "data": [
      {
        "text": "Cancel the reminder for my ",
        "userDefined": false
      },
      {
        "text": "friend\u0027s birthday",
        "meta": "@sys.any",
        "alias": "name",
        "userDefined": true
      },
      {
        "text": " on ",
        "userDefined": false
      },
      {
        "text": "February 20th.",
        "meta": "@sys.date",
        "alias": "date",
        "userDefined": false
      }
    ],
    "isTemplate": false,
    "count": 0,
    "lang": "en",
    "updated": 0
  },
  {
    "id": "229efdf0-1d0b-4a25-9447-444060aa49df",
    "data": [
      {
        "text": "Can you delete the ",
        "userDefined": false
      },
      {
        "text": "dentist visit",
        "meta": "@sys.any",
        "alias": "name",
        "userDefined": true
      },
      {
        "text": " reminder on ",
        "userDefined": false
      },
      {
        "text": "January 15th",
        "meta": "@sys.date",
        "alias": "date",
        "userDefined": false
      },
      {
        "text": "?",
        "userDefined": false
      }
    ],
    "isTemplate": false,
    "count": 0,
    "lang": "en",
    "updated": 0
  },
  {
    "id": "9a5fe5b1-8dd4-4bc0-95c6-9247d1731a5e",
    "data": [
      {
        "text": "Remove my reminder for the ",
        "userDefined": false
      },
      {
        "text": "conference call",
        "meta": "@sys.any",
        "alias": "name",
        "userDefined": true
      },
      {
        "text": " on ",
        "userDefined": false
      },
      {
        "text": "December 8th.",
        "meta": "@sys.date",
        "alias": "date",
        "userDefined": false
      }
    ],
    "isTemplate": false,
    "count": 0,
    "lang": "en",
    "updated": 0
  },
  {
    "id": "ef82853d-af4e-4dac-9bbf-6dfc48fd41fc",
    "data": [
      {
        "text": "Erase the reminder for ",
        "userDefined": false
      },
      {
        "text": "book club meeting",
        "meta": "@sys.any",
        "alias": "name",
        "userDefined": true
      },
      {
        "text": " on ",
        "userDefined": false
      },
      {
        "text": "November 5th.",
        "meta": "@sys.date",
        "alias": "date",
        "userDefined": false
      }
    ],
    "isTemplate": false,
    "count": 0,
    "lang": "en",
    "updated": 0
  },
  {
    "id": "8a558c75-e89c-42de-88c6-3e02e5d72898",
    "data": [
      {
        "text": "Delete the ",
        "userDefined": false
      },
      {
        "text": "doctor\u0027s appointment",
        "meta": "@sys.any",
        "alias": "name",
        "userDefined": true
      },
      {
        "text": " reminder for ",
        "userDefined": false
      },
      {
        "text": "October 3rd",
        "meta": "@sys.date",
        "alias": "date",
        "userDefined": false
      },
      {
        "text": " at ",
        "userDefined": false
      },
      {
        "text": "11:00 AM",
        "meta": "@sys.time",
        "alias": "time",
        "userDefined": false
      },
      {
        "text": ".",
        "userDefined": false
      }
    ],
    "isTemplate": false,
    "count": 0,
    "lang": "en",
    "updated": 0
  },
  {
    "id": "d7044a81-ee25-4df2-8c4b-72c7b6243bdf",
    "data": [
      {
        "text": "I\u0027d like to cancel the reminder for the ",
        "userDefined": false
      },
      {
        "text": "webinar",
        "meta": "@sys.any",
        "alias": "name",
        "userDefined": true
      },
      {
        "text": " on ",
        "userDefined": false
      },
      {
        "text": "September 27th.",
        "meta": "@sys.date",
        "alias": "date",
        "userDefined": false
      }
    ],
    "isTemplate": false,
    "count": 0,
    "lang": "en",
    "updated": 0
  },
  {
    "id": "e4478bcf-204c-44e3-b4dd-fcd18af3d503",
    "data": [
      {
        "text": "Remove the reminder for ",
        "userDefined": false
      },
      {
        "text": "car maintenance",
        "meta": "@sys.any",
        "alias": "name",
        "userDefined": true
      },
      {
        "text": " on ",
        "userDefined": false
      },
      {
        "text": "August 22nd.",
        "meta": "@sys.date",
        "alias": "date",
        "userDefined": false
      }
    ],
    "isTemplate": false,
    "count": 0,
    "lang": "en",
    "updated": 0
  },
  {
    "id": "3471604c-d581-47c7-8b59-ddf62c4f7aa5",
    "data": [
      {
        "text": "Please erase the ",
        "userDefined": false
      },
      {
        "text": "team meeting",
        "meta": "@sys.any",
        "alias": "name",
        "userDefined": true
      },
      {
        "text": " reminder scheduled for ",
        "userDefined": false
      },
      {
        "text": "July 18th.",
        "meta": "@sys.date",
        "alias": "date",
        "userDefined": false
      }
    ],
    "isTemplate": false,
    "count": 0,
    "lang": "en",
    "updated": 0
  },
  {
    "id": "1a629f95-bb8d-4d7f-beab-ea479e44cbe5",
    "data": [
      {
        "text": "Cancel my ",
        "userDefined": false
      },
      {
        "text": "study session",
        "meta": "@sys.any",
        "alias": "name",
        "userDefined": true
      },
      {
        "text": " reminder on ",
        "userDefined": false
      },
      {
        "text": "June 12th",
        "meta": "@sys.date",
        "alias": "date",
        "userDefined": false
      },
      {
        "text": " at ",
        "userDefined": false
      },
      {
        "text": "2:00 PM",
        "meta": "@sys.time",
        "alias": "time",
        "userDefined": false
      },
      {
        "text": ".",
        "userDefined": false
      }
    ],
    "isTemplate": false,
    "count": 0,
    "lang": "en",
    "updated": 0
  },
  {
    "id": "bc758d5c-3979-4a5c-ad92-bcf100b5bfea",
    "data": [
      {
        "text": "Delete the reminder for ",
        "userDefined": false
      },
      {
        "text": "shopping",
        "meta": "@sys.any",
        "alias": "name",
        "userDefined": true
      },
      {
        "text": " on ",
        "userDefined": false
      },
      {
        "text": "May 9th.",
        "meta": "@sys.date",
        "alias": "date",
        "userDefined": false
      }
    ],
    "isTemplate": false,
    "count": 0,
    "lang": "en",
    "updated": 0
  },
  {
    "id": "cfab80cc-c4c7-4f5b-aa7b-d1b1f5a72fdf",
    "data": [
      {
        "text": "Remove the reminder for ",
        "userDefined": false
      },
      {
        "text": "yoga class",
        "meta": "@sys.any",
        "alias": "name",
        "userDefined": true
      },
      {
        "text": " on ",
        "userDefined": false
      },
      {
        "text": "April 5th.",
        "meta": "@sys.date",
        "alias": "date",
        "userDefined": false
      }
    ],
    "isTemplate": false,
    "count": 0,
    "lang": "en",
    "updated": 0
  },
  {
    "id": "4d00b94f-898a-4ba4-8b65-038da65970f2",
    "data": [
      {
        "text": "Remove the appointment for ",
        "userDefined": false
      },
      {
        "text": "haircut",
        "meta": "@sys.any",
        "alias": "name",
        "userDefined": true
      },
      {
        "text": " on ",
        "userDefined": false
      },
      {
        "text": "March 30th.",
        "meta": "@sys.date",
        "alias": "date",
        "userDefined": false
      }
    ],
    "isTemplate": false,
    "count": 0,
    "lang": "en",
    "updated": 0
  },
  {
    "id": "b8225940-7e80-41f1-8aa4-cc2e3af3a686",
    "data": [
      {
        "text": "Can you delete the reminder for ",
        "userDefined": false
      },
      {
        "text": "dinner",
        "meta": "@sys.any",
        "alias": "name",
        "userDefined": true
      },
      {
        "text": " on ",
        "userDefined": false
      },
      {
        "text": "February 14th",
        "meta": "@sys.date",
        "alias": "date",
        "userDefined": false
      },
      {
        "text": "?",
        "userDefined": false
      }
    ],
    "isTemplate": false,
    "count": 0,
    "lang": "en",
    "updated": 0
  },
  {
    "id": "75ef17c6-d4ed-4cd5-b48c-3c6a65b50c4b",
    "data": [
      {
        "text": "Cancel my ",
        "userDefined": false
      },
      {
        "text": "flight",
        "meta": "@sys.any",
        "alias": "name",
        "userDefined": true
      },
      {
        "text": " reminder for ",
        "userDefined": false
      },
      {
        "text": "January 25th.",
        "meta": "@sys.date",
        "alias": "date",
        "userDefined": false
      }
    ],
    "isTemplate": false,
    "count": 0,
    "lang": "en",
    "updated": 0
  },
  {
    "id": "4933fa5f-7b34-4a50-a6a3-19300be75018",
    "data": [
      {
        "text": "Remove the ",
        "userDefined": false
      },
      {
        "text": "dentist appointment",
        "meta": "@sys.any",
        "alias": "name",
        "userDefined": true
      },
      {
        "text": " reminder on ",
        "userDefined": false
      },
      {
        "text": "December 12th",
        "meta": "@sys.date",
        "alias": "date",
        "userDefined": false
      },
      {
        "text": " at ",
        "userDefined": false
      },
      {
        "text": "10:00 AM",
        "meta": "@sys.time",
        "alias": "time",
        "userDefined": false
      },
      {
        "text": ".",
        "userDefined": false
      }
    ],
    "isTemplate": false,
    "count": 0,
    "lang": "en",
    "updated": 0
  },
  {
    "id": "18f9ddc9-01d2-425c-9c25-adf3f3f589e8",
    "data": [
      {
        "text": "I\u0027d like to delete my ",
        "userDefined": false
      },
      {
        "text": "call with John",
        "meta": "@sys.any",
        "alias": "name",
        "userDefined": true
      },
      {
        "text": " reminder for ",
        "userDefined": false
      },
      {
        "text": "November 1st.",
        "meta": "@sys.date",
        "alias": "date",
        "userDefined": false
      }
    ],
    "isTemplate": false,
    "count": 0,
    "lang": "en",
    "updated": 0
  },
  {
    "id": "992cfea9-2c24-4274-9b34-a519eea9b970",
    "data": [
      {
        "text": "Erase the reminder for ",
        "userDefined": false
      },
      {
        "text": "gym",
        "meta": "@sys.any",
        "alias": "name",
        "userDefined": true
      },
      {
        "text": " on ",
        "userDefined": false
      },
      {
        "text": "October 2nd.",
        "meta": "@sys.date",
        "alias": "date",
        "userDefined": false
      }
    ],
    "isTemplate": false,
    "count": 0,
    "lang": "en",
    "updated": 0
  },
  {
    "id": "abdfe788-bc16-4d27-ad2e-b3d0e28640bc",
    "data": [
      {
        "text": "Please remove the ",
        "userDefined": false
      },
      {
        "text": "project deadline",
        "meta": "@sys.any",
        "alias": "name",
        "userDefined": true
      },
      {
        "text": " reminder set for ",
        "userDefined": false
      },
      {
        "text": "September 10th",
        "meta": "@sys.date",
        "alias": "date",
        "userDefined": false
      },
      {
        "text": " at ",
        "userDefined": false
      },
      {
        "text": "3:00 PM",
        "meta": "@sys.time",
        "alias": "time",
        "userDefined": false
      },
      {
        "text": ".",
        "userDefined": false
      }
    ],
    "isTemplate": false,
    "count": 0,
    "lang": "en",
    "updated": 0
  },
  {
    "id": "3bac127e-5d61-4c79-9e50-f9de2709527f",
    "data": [
      {
        "text": "Cancel the ",
        "userDefined": false
      },
      {
        "text": "lunch",
        "meta": "@sys.any",
        "alias": "name",
        "userDefined": true
      },
      {
        "text": " appointment on ",
        "userDefined": false
      },
      {
        "text": "August 15th.",
        "meta": "@sys.date",
        "alias": "date",
        "userDefined": false
      }
    ],
    "isTemplate": false,
    "count": 0,
    "lang": "en",
    "updated": 0
  },
  {
    "id": "c12f83b8-fe61-4495-a538-45912b80416f",
    "data": [
      {
        "text": "Delete the ",
        "userDefined": false
      },
      {
        "text": "doctor appointment",
        "meta": "@sys.any",
        "alias": "name",
        "userDefined": true
      },
      {
        "text": " reminder scheduled for ",
        "userDefined": false
      },
      {
        "text": "July 5th.",
        "meta": "@sys.date",
        "alias": "date",
        "userDefined": false
      }
    ],
    "isTemplate": false,
    "count": 0,
    "lang": "en",
    "updated": 0
  },
  {
    "id": "28143e9c-3bb1-4b8a-afac-ae58b17c248c",
    "data": [
      {
        "text": "Remove my reminder for ",
        "userDefined": false
      },
      {
        "text": "meeting",
        "meta": "@sys.any",
        "alias": "name",
        "userDefined": true
      },
      {
        "text": " on ",
        "userDefined": false
      },
      {
        "text": "June 20th.",
        "meta": "@sys.date",
        "alias": "date",
        "userDefined": false
      }
    ],
    "isTemplate": false,
    "count": 0,
    "lang": "en",
    "updated": 0
  },
  {
    "id": "b4fd27c7-6756-43b6-9f97-75f1c92f0d91",
    "data": [
      {
        "text": "Cancel my appointment for the ",
        "userDefined": false
      },
      {
        "text": "doctor",
        "meta": "@sys.any",
        "alias": "name",
        "userDefined": true
      },
      {
        "text": ".",
        "userDefined": false
      }
    ],
    "isTemplate": false,
    "count": 0,
    "lang": "en",
    "updated": 0
  },
  {
    "id": "e0ce1f99-fa29-4dda-be3a-d96d9cfb92c6",
    "data": [
      {
        "text": "Delete my appointment on ",
        "userDefined": false
      },
      {
        "text": "Thursday",
        "meta": "@sys.date",
        "alias": "date",
        "userDefined": true
      },
      {
        "text": ".",
        "userDefined": false
      }
    ],
    "isTemplate": false,
    "count": 0,
    "lang": "en",
    "updated": 0
  },
  {
    "id": "3b5d37e7-9323-47eb-becc-4d2284ee71ad",
    "data": [
      {
        "text": "Remove the appointment I scheduled for ",
        "userDefined": false
      },
      {
        "text": "5 PM",
        "meta": "@sys.time",
        "alias": "time",
        "userDefined": true
      },
      {
        "text": ".",
        "userDefined": false
      }
    ],
    "isTemplate": false,
    "count": 0,
    "lang": "en",
    "updated": 0
  },
  {
    "id": "94976b7a-a50e-480b-a5aa-1a882030b23f",
    "data": [
      {
        "text": "Cancel my reminders for the ",
        "userDefined": false
      },
      {
        "text": "upcoming week",
        "meta": "@sys.date-period",
        "alias": "date-period",
        "userDefined": true
      },
      {
        "text": ".",
        "userDefined": false
      }
    ],
    "isTemplate": false,
    "count": 0,
    "lang": "en",
    "updated": 0
  },
  {
    "id": "f2022e08-eb10-404f-93ef-bb072af22e54",
    "data": [
      {
        "text": "Delete all reminders for the afternoon.",
        "userDefined": false
      }
    ],
    "isTemplate": false,
    "count": 0,
    "lang": "en",
    "updated": 0
  },
  {
    "id": "5dff6d52-3980-4b41-8e30-f71b37bcfcd4",
    "data": [
      {
        "text": "Remove my reminders for ",
        "userDefined": false
      },
      {
        "text": "today",
        "meta": "@sys.date",
        "alias": "date",
        "userDefined": true
      },
      {
        "text": ".",
        "userDefined": false
      }
    ],
    "isTemplate": false,
    "count": 0,
    "lang": "en",
    "updated": 0
  },
  {
    "id": "989e2ab9-9d60-4645-85b6-2c4138678131",
    "data": [
      {
        "text": "Please cancel my reminder for the ",
        "userDefined": false
      },
      {
        "text": "conference call",
        "meta": "@sys.any",
        "alias": "name",
        "userDefined": true
      },
      {
        "text": ".",
        "userDefined": false
      }
    ],
    "isTemplate": false,
    "count": 0,
    "lang": "en",
    "updated": 0
  },
  {
    "id": "1d5e800b-9afe-4e67-bb48-4b90ca7d3d7c",
    "data": [
      {
        "text": "I\u0027d like to delete my reminder for the ",
        "userDefined": false
      },
      {
        "text": "dentist",
        "meta": "@sys.any",
        "alias": "name",
        "userDefined": true
      },
      {
        "text": ".",
        "userDefined": false
      }
    ],
    "isTemplate": false,
    "count": 0,
    "lang": "en",
    "updated": 0
  },
  {
    "id": "1ff2b0ee-f96b-4837-a46e-d8ff1fb54d85",
    "data": [
      {
        "text": "Could you please remove my reminder for ",
        "userDefined": false
      },
      {
        "text": "lunch with John",
        "meta": "@sys.any",
        "alias": "name",
        "userDefined": true
      },
      {
        "text": "?",
        "userDefined": false
      }
    ],
    "isTemplate": false,
    "count": 0,
    "lang": "en",
    "updated": 0
  },
  {
    "id": "68177975-786e-4462-bbe9-5abee00ec32a",
    "data": [
      {
        "text": "Cancel the reminder for the ",
        "userDefined": false
      },
      {
        "text": "weekend",
        "meta": "@sys.date",
        "alias": "date",
        "userDefined": true
      },
      {
        "text": ".",
        "userDefined": false
      }
    ],
    "isTemplate": false,
    "count": 0,
    "lang": "en",
    "updated": 0
  },
  {
    "id": "117a7dce-1b1f-4266-a615-5f0c55b86eb8",
    "data": [
      {
        "text": "Delete my reminder for the evening.",
        "userDefined": false
      }
    ],
    "isTemplate": false,
    "count": 0,
    "lang": "en",
    "updated": 0
  },
  {
    "id": "a64cf935-5671-415c-84a8-f0b886a3184a",
    "data": [
      {
        "text": "Remove the reminder I set for next week.",
        "userDefined": false
      }
    ],
    "isTemplate": false,
    "count": 0,
    "lang": "en",
    "updated": 0
  },
  {
    "id": "43d8db38-5889-4760-8f8c-c15c6686ea72",
    "data": [
      {
        "text": "Cancel the ",
        "userDefined": false
      },
      {
        "text": "Gym session",
        "meta": "@sys.any",
        "alias": "name",
        "userDefined": true
      },
      {
        "text": " reminder",
        "userDefined": false
      }
    ],
    "isTemplate": false,
    "count": 0,
    "lang": "en",
    "updated": 0
  },
  {
    "id": "4040e40e-c5f5-495e-8658-0dcbf7757dc9",
    "data": [
      {
        "text": "Delete my reminder for ",
        "userDefined": false
      },
      {
        "text": "Project meeting",
        "meta": "@sys.any",
        "alias": "name",
        "userDefined": true
      }
    ],
    "isTemplate": false,
    "count": 0,
    "lang": "en",
    "updated": 0
  },
  {
    "id": "a43092d2-8789-4684-80cd-080b477d5818",
    "data": [
      {
        "text": "Remove the reminder titled ",
        "userDefined": false
      },
      {
        "text": "Doctor\u0027s appointment",
        "meta": "@sys.any",
        "alias": "name",
        "userDefined": true
      }
    ],
    "isTemplate": false,
    "count": 0,
    "lang": "en",
    "updated": 0
  },
  {
    "id": "75ccb1dc-8cee-4f1e-bd3d-371ff606e29f",
    "data": [
      {
        "text": "Remove the reminder scheduled for ",
        "userDefined": false
      },
      {
        "text": "Friday",
        "meta": "@sys.date",
        "alias": "date",
        "userDefined": true
      },
      {
        "text": " at ",
        "userDefined": false
      },
      {
        "text": "9 AM",
        "meta": "@sys.time",
        "alias": "time",
        "userDefined": true
      },
      {
        "text": ".",
        "userDefined": false
      }
    ],
    "isTemplate": false,
    "count": 0,
    "lang": "en",
    "updated": 0
  },
  {
    "id": "eb749035-be59-4a1e-ad3a-35df9af3d1ad",
    "data": [
      {
        "text": "Cancel the appointment on ",
        "userDefined": false
      },
      {
        "text": "Tuesday",
        "meta": "@sys.date",
        "alias": "date",
        "userDefined": true
      },
      {
        "text": " at ",
        "userDefined": false
      },
      {
        "text": "noon",
        "meta": "@sys.time",
        "alias": "time",
        "userDefined": true
      },
      {
        "text": ".",
        "userDefined": false
      }
    ],
    "isTemplate": false,
    "count": 0,
    "lang": "en",
    "updated": 0
  },
  {
    "id": "a7387425-cffe-4733-8341-250a0f589200",
    "data": [
      {
        "text": "Delete the reminder set for ",
        "userDefined": false
      },
      {
        "text": "June 20th",
        "meta": "@sys.date",
        "alias": "date",
        "userDefined": true
      },
      {
        "text": " at ",
        "userDefined": false
      },
      {
        "text": "4 PM",
        "meta": "@sys.time",
        "alias": "time",
        "userDefined": true
      },
      {
        "text": ".",
        "userDefined": false
      }
    ],
    "isTemplate": false,
    "count": 0,
    "lang": "en",
    "updated": 0
  },
  {
    "id": "306b560e-e3dd-4f71-b733-3c8a096f0ce5",
    "data": [
      {
        "text": "Remove the reminder for ",
        "userDefined": false
      },
      {
        "text": "yoga session",
        "meta": "@sys.any",
        "alias": "name",
        "userDefined": true
      },
      {
        "text": ".",
        "userDefined": false
      }
    ],
    "isTemplate": false,
    "count": 0,
    "lang": "en",
    "updated": 0
  },
  {
    "id": "3a7f65a0-3fa2-4002-851a-5c7ff95116d0",
    "data": [
      {
        "text": "I want to delete my reminder for ",
        "userDefined": false
      },
      {
        "text": "Monday",
        "meta": "@sys.date",
        "alias": "date",
        "userDefined": true
      },
      {
        "text": ".",
        "userDefined": false
      }
    ],
    "isTemplate": false,
    "count": 0,
    "lang": "en",
    "updated": 0
  },
  {
    "id": "414451de-cf2f-44c8-8fb7-afc54abd17e1",
    "data": [
      {
        "text": "Cancel the reminder for ",
        "userDefined": false
      },
      {
        "text": "meeting",
        "meta": "@sys.any",
        "alias": "name",
        "userDefined": true
      },
      {
        "text": " at ",
        "userDefined": false
      },
      {
        "text": "10 AM",
        "meta": "@sys.time",
        "alias": "time",
        "userDefined": true
      },
      {
        "text": ".",
        "userDefined": false
      }
    ],
    "isTemplate": false,
    "count": 0,
    "lang": "en",
    "updated": 0
  },
  {
    "id": "11acc675-e7c9-4211-b40c-acbcb18c4dd1",
    "data": [
      {
        "text": "Delete my appointment at 3 PM.",
        "userDefined": false
      }
    ],
    "isTemplate": false,
    "count": 0,
    "lang": "en",
    "updated": 0
  },
  {
    "id": "2a5ad5d5-b284-4aab-94ea-1b5c57afb51b",
    "data": [
      {
        "text": "Remove my reminder for ",
        "userDefined": false
      },
      {
        "text": "tomorrow",
        "meta": "@sys.date",
        "alias": "date",
        "userDefined": true
      },
      {
        "text": ".",
        "userDefined": false
      }
    ],
    "isTemplate": false,
    "count": 0,
    "lang": "en",
    "updated": 0
  }
]